CPULimit,AET,AvgCPUUsage,MaxCPUUsage,AvgMemoryUsage,MaxMemoryUsage,HighLoadRatio
1000m,3m4.4605894s,986.0909090909091,1003,5.87262882909091e+11,617775104000,1.1818181818181819
1100m,2m39.065057s,1106,1172,5.8624e+11,611536896000,1.3
1200m,2m17.194826s,1198.3333333333333,1204,5.908302506666666e+11,618463232000,1.2222222222222223
1300m,1m59.7658354s,1287.5,1309,5.83139328e+11,615763968000,1.25
1400m,1m46.3791377s,1400.1666666666667,1406,5.95419136e+11,623988736000,1.3333333333333333
1500m,1m30.2715782s,1483,1500,5.906382848e+11,621633536000,1.4
1600m,1m19.8519035s,1594.75,1600,5.99845888e+11,619130880000,1.75
1700m,1m10.2646865s,1665.4,1735,5.904039936e+11,624287744000,1.4
1800m,1m6.2934859s,1800,1805,5.959051946666666e+11,625569792000,1.6666666666666667
1900m,1m2.136668s,1899.5,1904,6.1267968e+11,620892160000,2.5
2000m,57.1135109s,1988.25,1999,6.04875776e+11,641392640000,1.5
2100m,54.0787102s,2078.6666666666665,2095,6.065220266666666e+11,641757184000,1.6666666666666667
2200m,47.8214949s,2171.5,2173,6.28473856e+11,646787072000,2.5
2300m,46.774178s,2247.5,2249,5.90993408e+11,611655680000,2.5
2400m,45.8511058s,2313,2321,6.10424832e+11,626995200000,2.5
2500m,43.7630945s,2335,2345,5.8624e+11,616693760000,2
2600m,43.8325888s,2395.5,2408,5.94499584e+11,624893952000,2
2700m,42.8053442s,2373,2380,5.83600128e+11,612225024000,2
2800m,42.8357069s,2376,2402,5.98874112e+11,630624256000,2.5
2900m,43.7946812s,2382,2432,5.93451008e+11,615256064000,2.5
3000m,42.7960428s,2392.5,2396,5.97651456e+11,623431680000,2.5
3100m,42.7077062s,2363,2377,6.01141248e+11,628506624000,2.5
3200m,42.7732633s,2429,2476,6.13410816e+11,636035072000,2.5
3300m,42.7595994s,2220.5,2372,6.00221696e+11,632516608000,2
3400m,42.8434162s,2408,2412,6.01081856e+11,622841856000,2
3500m,42.7965562s,2526.5,2547,5.87954176e+11,610873344000,2
3600m,42.7030333s,2393,2394,5.95587072e+11,623841280000,2.5
3700m,42.7635104s,2445,2445,6.20490752e+11,620490752000,4
3800m,42.9102278s,2393,2425,6.19466752e+11,631738368000,2.5
3900m,43.0397236s,2325,2471,6.05688832e+11,654426112000,1.5
4000m,42.958958s,2260,2400,5.972486826666666e+11,623755264000,1.6666666666666667
4100m,41.7352754s,2331,2386,5.994550613333334e+11,626778112000,1.6666666666666667
4200m,42.8810263s,2427,2455,6.10226176e+11,632344576000,2.5
4300m,42.6741558s,2414.6666666666665,2443,6.056618666666666e+11,640434176000,2
4400m,43.0831013s,2440.5,2448,6.25782784e+11,644263936000,2.5
4500m,42.725003s,2433,2438,5.92943104e+11,616955904000,2.5
4600m,42.7188713s,2437,2443,5.99871488e+11,630616064000,2
4700m,42.552613s,2399,2399,6.08018432e+11,608018432000,4
4800m,42.5680292s,2427.6666666666665,2466,5.980678826666666e+11,622227456000,1.6666666666666667
4900m,42.6031433s,2515,2551,6.06128128e+11,632197120000,2
5000m,42.6651963s,2439,2441,6.04073984e+11,620457984000,2.5
5100m,42.8257028s,2431,2448,5.92052224e+11,613642240000,2.5
5200m,42.8654435s,2481.5,2522,6.0135424e+11,624103424000,2.5
5300m,42.6017937s,2453,2457,6.31707648e+11,645971968000,2.5
5400m,43.5854451s,2580.3333333333335,2871,6.007835306666666e+11,632877056000,1.6666666666666667
5500m,42.6072967s,2440,2440,6.13855232e+11,613855232000,4
5600m,42.6555875s,2229,2440,5.92678912e+11,616849408000,2
5700m,42.1358761s,2239.5,2405,5.89324288e+11,623099904000,2
5800m,43.0176798s,2347,2393,5.95720192e+11,622247936000,2
5900m,42.5618082s,2385.5,2396,5.97813248e+11,624128000000,2
6000m,42.5767967s,2481.5,2542,6.02906624e+11,630333440000,2
6100m,42.6206388s,2467.5,2485,5.87116544e+11,616628224000,2.5
6200m,42.7248631s,2433,2462,6.06081024e+11,632840192000,2.5
6300m,41.8566585s,2357.5,2380,6.13613568e+11,637526016000,2.5
6400m,42.6448224s,2325,2503,5.88036096e+11,611848192000,2
6500m,42.6179078s,2720,3018,6.03602944e+11,624246784000,2
6600m,42.5969304s,2467.6666666666665,2500,6.05749248e+11,638906368000,2
6700m,42.8335023s,2401.5,2414,5.98403072e+11,628224000000,2.5
6800m,41.7146113s,2354,2354,6.27007488e+11,627007488000,4
6900m,42.6415516s,2296,2479,5.94956288e+11,627789824000,1.6666666666666667
7000m,42.5995789s,2266,2400,5.92836608e+11,619638784000,2
7100m,42.613877s,2481,2505,6.00287232e+11,620589056000,2
7200m,42.5679603s,2444.5,2517,5.96916224e+11,626053120000,2.5
7300m,42.8473138s,2400.5,2452,6.07105024e+11,624742400000,2.5
7400m,42.5920694s,2388.5,2418,6.01761792e+11,625074176000,2.5
7500m,42.2162801s,2429.5,2452,6.07686656e+11,626688000000,2.5
7600m,42.6655482s,2369.5,2387,6.22231552e+11,645226496000,2.5
7700m,42.6229462s,2290,2435,5.9167744e+11,617746432000,2
7800m,42.5882558s,2433,2451,6.0470272e+11,619335680000,2
7900m,42.5695043s,2450.5,2477,6.00928256e+11,621998080000,2
0,42.6891128s,2350.5,2376,5.90864384e+11,622014464000,2.5
